model,cv_accuracy,cv_macro_f1
unweighted,0.8123456790123457,0.72968063538698
confidence_weighted,0.8024691358024691,0.6944353154228288
