proba_bucket,n,accuracy,misclassification_rate
<0.16,58,0.4827586206896552,0.5172413793103448
0.16-0.20,107,0.7757009345794392,0.22429906542056077
0.20-0.25,71,0.8309859154929577,0.16901408450704225
0.25-0.30,69,0.8840579710144928,0.1159420289855072
>=0.30,100,0.98,0.020000000000000018
