error_type,count,mean,median,std
Correct,329,0.2604355766353827,0.24693162438481947,0.09105972663538288
Misclassified,76,0.1831492416164365,0.1691656565105189,0.055202690008554677
